{
  "project_info": {
    "project_number": "369182402609",
    "firebase_url": "https://myship-2025-default-rtdb.firebaseio.com",
    "project_id": "myship-2025",
    "storage_bucket": "myship-2025.firebasestorage.app"
  },
  "client": [
    {
      "client_info": {
        "mobilesdk_app_id": "1:369182402609:android:4ea1f02a2866c563564d10",
        "android_client_info": {
          "package_name": "com.soyun.MyShip"
        }
      },
      "oauth_client": [
        {
          "client_id": "369182402609-laecu4int0pnrrj9u269dqvbmedr360b.apps.googleusercontent.com",
          "client_type": 3
        }
      ],
      "api_key": [
        {
          "current_key": "AIzaSyBaAChRVojMi7WXz-zQGk5n_0GjFZEKIkc"
        }
      ],
      "services": {
        "appinvite_service": {
          "other_platform_oauth_client": [
            {
              "client_id": "369182402609-laecu4int0pnrrj9u269dqvbmedr360b.apps.googleusercontent.com",
              "client_type": 3
            },
            {
              "client_id": "369182402609-5o5p43ks727hks2qtq937sm25f01d8le.apps.googleusercontent.com",
              "client_type": 2,
              "ios_info": {
                "bundle_id": "com.soyun.MyShip"
              }
            }
          ]
        }
      }
    }
  ],
  "configuration_version": "1"
}